Variable,Correlation_Coefficient
"[S_w,W_fw,A,Lambda,q,ell,t_c,N_z,W_dg,W_p]",0.8684769665301061
"[S_w,W_fw,A,Lambda,q,ell,t_c,N_z,W_dg,W_p]",0.010904790284896788
"[S_w,W_fw,A,Lambda,q,ell,t_c,N_z,W_dg,W_p]",0.920275017453586
"[S_w,W_fw,A,Lambda,q,ell,t_c,N_z,W_dg,W_p]",0.013510506849078903
"[S_w,W_fw,A,Lambda,q,ell,t_c,N_z,W_dg,W_p]",0.04962326368495355
"[S_w,W_fw,A,Lambda,q,ell,t_c,N_z,W_dg,W_p]",0.21176558071012924
"[S_w,W_fw,A,Lambda,q,ell,t_c,N_z,W_dg,W_p]",-0.8761236641686719
"[S_w,W_fw,A,Lambda,q,ell,t_c,N_z,W_dg,W_p]",0.9567556951426278
"[S_w,W_fw,A,Lambda,q,ell,t_c,N_z,W_dg,W_p]",0.8229203327929235
"[S_w,W_fw,A,Lambda,q,ell,t_c,N_z,W_dg,W_p]",0.2746338495402036
